"Suellen","Ferroli","sferroli0@blogs.com","793-811-7751"
"Corabelle","Dowman","cdowman1@adobe.com","240-314-1175"
"Zerk","Hatwells","zhatwells2@icio.us","974-425-4652"
"Cello","Kornel","ckornel3@sakura.ne.jp","852-674-4573"
"Wilden","Godwin","wgodwin4@1688.com","936-132-2674"
"Thorvald","Anselmi","tanselmi5@businessweek.com","368-389-5747"
"Torey","Juszkiewicz","tjuszkiewicz6@simplemachines.org","813-765-5106"
"Demott","Darling","ddarling7@sina.com.cn","219-231-7166"
"Constantia","Wroath","cwroath8@hao123.com","519-193-5835"
"Bent","Deam","bdeam9@utexas.edu","695-484-7657"
"Cesaro","Heggs","cheggsa@bloglovin.com","453-811-4418"
"Katherina","Aucock","kaucockb@blogspot.com","520-461-6243"
"Marchelle","Matthews","mmatthewsc@marriott.com","441-460-4034"
"Alethea","Lipscombe","alipscombed@so-net.ne.jp","881-149-7378"
"Larry","Munro","lmunroe@columbia.edu","940-863-8570"
"Wynnie","Wissbey","wwissbeyf@nifty.com","141-498-1765"
"Kelly","Sutherns","ksuthernsg@sourceforge.net","557-716-4039"
"Carrol","Maypother","cmaypotherh@nytimes.com","269-611-0254"
"Harmony","Dottrell","hdottrelli@cloudflare.com","784-962-0548"
"Barnebas","Hollyer","bhollyerj@slashdot.org","545-117-5999"
"Germain","Unworth","gunworthk@usgs.gov","950-182-5702"
"Hernando","MacDougal","hmacdougall@harvard.edu","737-283-8899"
"Katrina","Marrian","kmarrianm@youtu.be","684-792-0512"
"Hendrika","Elgy","helgyn@house.gov","836-992-4489"
"Lucas","Brimacombe","lbrimacombeo@timesonline.co.uk","982-255-4802"
"Aloysius","Brattell","abrattellp@nba.com","510-607-5985"
"Cchaddie","Ranfield","cranfieldq@answers.com","224-243-6296"
"Kakalina","Byas","kbyasr@themeforest.net","329-958-7346"
"Willow","Ravenshear","wravenshears@wikipedia.org","686-590-2305"
"Hedy","Yallowley","hyallowleyt@taobao.com","191-294-6847"
"Hendrick","Charte","hcharteu@webs.com","766-145-2884"
"Orran","L'Episcopi","olepiscopiv@microsoft.com","183-803-1015"
"Florry","Merwe","fmerwew@eepurl.com","416-551-4774"
"Annabel","De Marchi","ademarchix@goo.ne.jp","696-375-8346"
"Matias","Oliphard","moliphardy@netlog.com","490-369-2619"
"Reube","Early","rearlyz@miibeian.gov.cn","397-811-0662"
"Izaak","Flecknoe","iflecknoe10@facebook.com","722-189-6063"
"Gabi","Cattermull","gcattermull11@ning.com","297-715-0123"
"Elvis","Wheatcroft","ewheatcroft12@tumblr.com","563-507-3402"
"Jemie","Soppit","jsoppit13@telegraph.co.uk","114-888-1350"
"a","a","a","a"